Estradiol (- log M),Relaxation (%)
0.896869282,4.79239137
1.798896105,1.458588865
2.696851185,8.750728892
3.61796996,29.37084029
4.510405566,63.95592464